鬠ｿ"listing_id","image_file","order_index"
"470a0317-b893-47c6-8812-89890b5a8d74","Jacket_470a0317_1.jpg","0"
"470a0317-b893-47c6-8812-89890b5a8d74","Jacket_470a0317_2.jpg","1"
"4e9b6913-1ee7-479d-a864-5de951607057","Dr_Martines_ﾃ淌｢ﾃｱﾃ淌｢ﾃｶﾃ淌｢ﾂｫﾃ淌｢ﾃｭﾃ淌｢ﾃ嘉淌｢ﾂｬﾃ淌｢ﾃｸﾃ淌｢ﾃｶﾃ淌｢ﾃ愿淌｢ﾃｿ_36_ﾃ淌｢ﾃｻﾃ淌｢ﾃ佚淌｢ﾃｸﾃ淌｢ﾃ雲4e9b6913_1.jpg","0"
"4e9b6913-1ee7-479d-a864-5de951607057","Dr_Martines_ﾃ淌｢ﾃｱﾃ淌｢ﾃｶﾃ淌｢ﾂｫﾃ淌｢ﾃｭﾃ淌｢ﾃ嘉淌｢ﾂｬﾃ淌｢ﾃｸﾃ淌｢ﾃｶﾃ淌｢ﾃ愿淌｢ﾃｿ_36_ﾃ淌｢ﾃｻﾃ淌｢ﾃ佚淌｢ﾃｸﾃ淌｢ﾃ雲4e9b6913_2.jpg","1"
"4e9b6913-1ee7-479d-a864-5de951607057","Dr_Martines_ﾃ淌｢ﾃｱﾃ淌｢ﾃｶﾃ淌｢ﾂｫﾃ淌｢ﾃｭﾃ淌｢ﾃ嘉淌｢ﾂｬﾃ淌｢ﾃｸﾃ淌｢ﾃｶﾃ淌｢ﾃ愿淌｢ﾃｿ_36_ﾃ淌｢ﾃｻﾃ淌｢ﾃ佚淌｢ﾃｸﾃ淌｢ﾃ雲4e9b6913_3.jpg","2"
"4e9b6913-1ee7-479d-a864-5de951607057","Dr_Martines_ﾃ淌｢ﾃｱﾃ淌｢ﾃｶﾃ淌｢ﾂｫﾃ淌｢ﾃｭﾃ淌｢ﾃ嘉淌｢ﾂｬﾃ淌｢ﾃｸﾃ淌｢ﾃｶﾃ淌｢ﾃ愿淌｢ﾃｿ_36_ﾃ淌｢ﾃｻﾃ淌｢ﾃ佚淌｢ﾃｸﾃ淌｢ﾃ雲4e9b6913_4.jpg","3"
"4e9b6913-1ee7-479d-a864-5de951607057","Dr_Martines_ﾃ淌｢ﾃｱﾃ淌｢ﾃｶﾃ淌｢ﾂｫﾃ淌｢ﾃｭﾃ淌｢ﾃ嘉淌｢ﾂｬﾃ淌｢ﾃｸﾃ淌｢ﾃｶﾃ淌｢ﾃ愿淌｢ﾃｿ_36_ﾃ淌｢ﾃｻﾃ淌｢ﾃ佚淌｢ﾃｸﾃ淌｢ﾃ雲4e9b6913_5.jpg","4"
"4e9b6913-1ee7-479d-a864-5de951607057","Dr_Martines_ﾃ淌｢ﾃｱﾃ淌｢ﾃｶﾃ淌｢ﾂｫﾃ淌｢ﾃｭﾃ淌｢ﾃ嘉淌｢ﾂｬﾃ淌｢ﾃｸﾃ淌｢ﾃｶﾃ淌｢ﾃ愿淌｢ﾃｿ_36_ﾃ淌｢ﾃｻﾃ淌｢ﾃ佚淌｢ﾃｸﾃ淌｢ﾃ雲4e9b6913_6.jpg","5"
"4e9b6913-1ee7-479d-a864-5de951607057","Dr_Martines_ﾃ淌｢ﾃｱﾃ淌｢ﾃｶﾃ淌｢ﾂｫﾃ淌｢ﾃｭﾃ淌｢ﾃ嘉淌｢ﾂｬﾃ淌｢ﾃｸﾃ淌｢ﾃｶﾃ淌｢ﾃ愿淌｢ﾃｿ_36_ﾃ淌｢ﾃｻﾃ淌｢ﾃ佚淌｢ﾃｸﾃ淌｢ﾃ雲4e9b6913_7.jpg","6"
"4e9b6913-1ee7-479d-a864-5de951607057","Dr_Martines_ﾃ淌｢ﾃｱﾃ淌｢ﾃｶﾃ淌｢ﾂｫﾃ淌｢ﾃｭﾃ淌｢ﾃ嘉淌｢ﾂｬﾃ淌｢ﾃｸﾃ淌｢ﾃｶﾃ淌｢ﾃ愿淌｢ﾃｿ_36_ﾃ淌｢ﾃｻﾃ淌｢ﾃ佚淌｢ﾃｸﾃ淌｢ﾃ雲4e9b6913_8.jpg","7"
"4e9b6913-1ee7-479d-a864-5de951607057","Dr_Martines_ﾃ淌｢ﾃｱﾃ淌｢ﾃｶﾃ淌｢ﾂｫﾃ淌｢ﾃｭﾃ淌｢ﾃ嘉淌｢ﾂｬﾃ淌｢ﾃｸﾃ淌｢ﾃｶﾃ淌｢ﾃ愿淌｢ﾃｿ_36_ﾃ淌｢ﾃｻﾃ淌｢ﾃ佚淌｢ﾃｸﾃ淌｢ﾃ雲4e9b6913_9.jpg","8"
"4e9b6913-1ee7-479d-a864-5de951607057","Dr_Martines_ﾃ淌｢ﾃｱﾃ淌｢ﾃｶﾃ淌｢ﾂｫﾃ淌｢ﾃｭﾃ淌｢ﾃ嘉淌｢ﾂｬﾃ淌｢ﾃｸﾃ淌｢ﾃｶﾃ淌｢ﾃ愿淌｢ﾃｿ_36_ﾃ淌｢ﾃｻﾃ淌｢ﾃ佚淌｢ﾃｸﾃ淌｢ﾃ雲4e9b6913_10.jpg","9"
"4ff2b5d2-54e0-4494-8360-b0fee1b53c6a","Spyder_Ski_jacket_4ff2b5d2_1.jpg","0"
"4ff2b5d2-54e0-4494-8360-b0fee1b53c6a","Spyder_Ski_jacket_4ff2b5d2_2.jpg","1"
"4ff2b5d2-54e0-4494-8360-b0fee1b53c6a","Spyder_Ski_jacket_4ff2b5d2_3.jpg","2"
"4ff2b5d2-54e0-4494-8360-b0fee1b53c6a","Spyder_Ski_jacket_4ff2b5d2_4.jpg","3"
"55759469-1901-4b8a-a7ea-fb5360f21ec0","Ecko_UNLTD_55759469_1.jpg","0"
"55759469-1901-4b8a-a7ea-fb5360f21ec0","Ecko_UNLTD_55759469_2.jpg","1"
"55759469-1901-4b8a-a7ea-fb5360f21ec0","Ecko_UNLTD_55759469_3.jpg","2"
"55759469-1901-4b8a-a7ea-fb5360f21ec0","Ecko_UNLTD_55759469_4.jpg","3"
"5ac4ddc1-e3a3-40b1-b40f-adb0d16b7421","Ray_Ban_ﾃ淌｢ﾃｭﾃ淌｢ﾃ嘉淌｢ﾃｹﾃ淌｢ﾃｲﾃ淌｢ﾃ嘉淌｢ﾃ愿淌｢ﾃｶ_5ac4ddc1_1.jpg","0"
"5ac4ddc1-e3a3-40b1-b40f-adb0d16b7421","Ray_Ban_ﾃ淌｢ﾃｭﾃ淌｢ﾃ嘉淌｢ﾃｹﾃ淌｢ﾃｲﾃ淌｢ﾃ嘉淌｢ﾃ愿淌｢ﾃｶ_5ac4ddc1_2.jpg","1"
"5ac4ddc1-e3a3-40b1-b40f-adb0d16b7421","Ray_Ban_ﾃ淌｢ﾃｭﾃ淌｢ﾃ嘉淌｢ﾃｹﾃ淌｢ﾃｲﾃ淌｢ﾃ嘉淌｢ﾃ愿淌｢ﾃｶ_5ac4ddc1_3.jpg","2"
"5ac4ddc1-e3a3-40b1-b40f-adb0d16b7421","Ray_Ban_ﾃ淌｢ﾃｭﾃ淌｢ﾃ嘉淌｢ﾃｹﾃ淌｢ﾃｲﾃ淌｢ﾃ嘉淌｢ﾃ愿淌｢ﾃｶ_5ac4ddc1_4.jpg","3"
"5ac4ddc1-e3a3-40b1-b40f-adb0d16b7421","Ray_Ban_ﾃ淌｢ﾃｭﾃ淌｢ﾃ嘉淌｢ﾃｹﾃ淌｢ﾃｲﾃ淌｢ﾃ嘉淌｢ﾃ愿淌｢ﾃｶ_5ac4ddc1_5.jpg","4"
"5ac4ddc1-e3a3-40b1-b40f-adb0d16b7421","Ray_Ban_ﾃ淌｢ﾃｭﾃ淌｢ﾃ嘉淌｢ﾃｹﾃ淌｢ﾃｲﾃ淌｢ﾃ嘉淌｢ﾃ愿淌｢ﾃｶ_5ac4ddc1_6.jpg","5"
"5ac4ddc1-e3a3-40b1-b40f-adb0d16b7421","Ray_Ban_ﾃ淌｢ﾃｭﾃ淌｢ﾃ嘉淌｢ﾃｹﾃ淌｢ﾃｲﾃ淌｢ﾃ嘉淌｢ﾃ愿淌｢ﾃｶ_5ac4ddc1_7.jpg","6"
"65a5a407-a36f-48b3-8cdc-1da1f578b6c3","ECKO_UNLTD_65a5a407_1.jpg","0"
"65a5a407-a36f-48b3-8cdc-1da1f578b6c3","ECKO_UNLTD_65a5a407_2.jpg","1"
"65a5a407-a36f-48b3-8cdc-1da1f578b6c3","ECKO_UNLTD_65a5a407_3.jpg","2"
"73d7cf52-c43e-44cf-9454-2b3f48e27d93","Tribal_jacket_73d7cf52_1.jpg","0"
"73d7cf52-c43e-44cf-9454-2b3f48e27d93","Tribal_jacket_73d7cf52_2.jpg","1"
"a539f827-f4b6-4710-9826-e2f33972a3b4","BLACKOUT_BOYZ_a539f827_1.jpg","0"
"a539f827-f4b6-4710-9826-e2f33972a3b4","BLACKOUT_BOYZ_a539f827_2.jpg","1"
"a539f827-f4b6-4710-9826-e2f33972a3b4","BLACKOUT_BOYZ_a539f827_3.jpg","2"
"cc8c8783-eb8e-4d40-ba91-28e0cc3bbb38","Ibrahimovic_inter_tshirt_cc8c8783_1.jpg","0"
"cc8c8783-eb8e-4d40-ba91-28e0cc3bbb38","Ibrahimovic_inter_tshirt_cc8c8783_2.jpg","1"
"e17244a0-8e36-4d23-8899-2929c13faf2a","Kenzo_ﾃ淌｢ﾃｱﾃ淌｢ﾃｶﾃ淌｢ﾂｫﾃ淌｢ﾃｭﾃ淌｢ﾃ嘉淌｢ﾂｬﾃ淌｢ﾃｸﾃ淌｢ﾂｼﾃ淌｢ﾃ愿淌｢ﾃｿ_36_ﾃ淌｢ﾃｻﾃ淌｢ﾃ佚淌｢ﾃｸﾃ淌｢ﾃ雲e17244a0_1.jpg","0"
"e17244a0-8e36-4d23-8899-2929c13faf2a","Kenzo_ﾃ淌｢ﾃｱﾃ淌｢ﾃｶﾃ淌｢ﾂｫﾃ淌｢ﾃｭﾃ淌｢ﾃ嘉淌｢ﾂｬﾃ淌｢ﾃｸﾃ淌｢ﾂｼﾃ淌｢ﾃ愿淌｢ﾃｿ_36_ﾃ淌｢ﾃｻﾃ淌｢ﾃ佚淌｢ﾃｸﾃ淌｢ﾃ雲e17244a0_2.jpg","1"
"e17244a0-8e36-4d23-8899-2929c13faf2a","Kenzo_ﾃ淌｢ﾃｱﾃ淌｢ﾃｶﾃ淌｢ﾂｫﾃ淌｢ﾃｭﾃ淌｢ﾃ嘉淌｢ﾂｬﾃ淌｢ﾃｸﾃ淌｢ﾂｼﾃ淌｢ﾃ愿淌｢ﾃｿ_36_ﾃ淌｢ﾃｻﾃ淌｢ﾃ佚淌｢ﾃｸﾃ淌｢ﾃ雲e17244a0_3.jpg","2"
"e17244a0-8e36-4d23-8899-2929c13faf2a","Kenzo_ﾃ淌｢ﾃｱﾃ淌｢ﾃｶﾃ淌｢ﾂｫﾃ淌｢ﾃｭﾃ淌｢ﾃ嘉淌｢ﾂｬﾃ淌｢ﾃｸﾃ淌｢ﾂｼﾃ淌｢ﾃ愿淌｢ﾃｿ_36_ﾃ淌｢ﾃｻﾃ淌｢ﾃ佚淌｢ﾃｸﾃ淌｢ﾃ雲e17244a0_4.jpg","3"
"e17244a0-8e36-4d23-8899-2929c13faf2a","Kenzo_ﾃ淌｢ﾃｱﾃ淌｢ﾃｶﾃ淌｢ﾂｫﾃ淌｢ﾃｭﾃ淌｢ﾃ嘉淌｢ﾂｬﾃ淌｢ﾃｸﾃ淌｢ﾂｼﾃ淌｢ﾃ愿淌｢ﾃｿ_36_ﾃ淌｢ﾃｻﾃ淌｢ﾃ佚淌｢ﾃｸﾃ淌｢ﾃ雲e17244a0_5.jpg","4"
"e17244a0-8e36-4d23-8899-2929c13faf2a","Kenzo_ﾃ淌｢ﾃｱﾃ淌｢ﾃｶﾃ淌｢ﾂｫﾃ淌｢ﾃｭﾃ淌｢ﾃ嘉淌｢ﾂｬﾃ淌｢ﾃｸﾃ淌｢ﾂｼﾃ淌｢ﾃ愿淌｢ﾃｿ_36_ﾃ淌｢ﾃｻﾃ淌｢ﾃ佚淌｢ﾃｸﾃ淌｢ﾃ雲e17244a0_6.jpg","5"
"e4ce317e-5222-41e2-8a12-f8668dd87468","Spider-Man_Hoodie_e4ce317e_1.jpg","0"
"e4ce317e-5222-41e2-8a12-f8668dd87468","Spider-Man_Hoodie_e4ce317e_2.jpg","1"
"fbe2f67c-d155-441b-9451-e4eee8490425","Hugo_Boss_ﾃ淌｢ﾃｭﾃ淌｢ﾃ嘉淌｢ﾃｹﾃ淌｢ﾃｲﾃ淌｢ﾃ嘉淌｢ﾃ愿淌｢ﾃｶ_fbe2f67c_1.jpg","0"
"fbe2f67c-d155-441b-9451-e4eee8490425","Hugo_Boss_ﾃ淌｢ﾃｭﾃ淌｢ﾃ嘉淌｢ﾃｹﾃ淌｢ﾃｲﾃ淌｢ﾃ嘉淌｢ﾃ愿淌｢ﾃｶ_fbe2f67c_2.jpg","1"
"fbe2f67c-d155-441b-9451-e4eee8490425","Hugo_Boss_ﾃ淌｢ﾃｭﾃ淌｢ﾃ嘉淌｢ﾃｹﾃ淌｢ﾃｲﾃ淌｢ﾃ嘉淌｢ﾃ愿淌｢ﾃｶ_fbe2f67c_3.jpg","2"
"fbe2f67c-d155-441b-9451-e4eee8490425","Hugo_Boss_ﾃ淌｢ﾃｭﾃ淌｢ﾃ嘉淌｢ﾃｹﾃ淌｢ﾃｲﾃ淌｢ﾃ嘉淌｢ﾃ愿淌｢ﾃｶ_fbe2f67c_4.jpg","3"
